Id,StageName,PlanetName,StageReward,StageItem,YGeneration,RGeneration,BGeneration,YTrade,RTrade,BTrade
1001,Stage1,넓은별,1001,0,66,33,1,0.11,0.6,1
1002,Stage2,넓은별,1002,0,66,33,1,0.11,0.6,1
1003,Stage3,넓은별,1003,0,66,33,1,0.11,0.6,1
1004,Stage4,넓은별,1004,0,66,33,1,0.11,0.6,1
1005,Stage5,넓은별,1005,0,66,33,1,0.11,0.6,1
1006,Stage6,넓은별,1006,0,66,33,1,0.12,0.6,1
1007,Stage7,넓은별,1007,0,66,33,1,0.12,0.6,1
1008,Stage8,넓은별,1008,0,66,33,1,0.12,0.6,1
1009,Stage9,넓은별,1009,0,66,33,1,0.12,0.6,1
1010,Stage11,넓은별,1010,0,66,33,1,0.24,0.6,1
1011,Stage12,넓은별,1011,0,66,33,1,0.24,0.6,1
1012,Stage13,넓은별,1012,0,66,33,1,0.26,0.6,1
1013,Stage14,넓은별,1013,0,66,33,1,0.26,0.6,1
1014,Stage15,넓은별,1014,0,66,33,1,0.26,0.6,1
1015,Stage16,넓은별,1015,0,66,33,1,0.27,0.6,1
1016,Stage17,넓은별,1016,0,66,33,1,0.27,0.6,1
1017,Stage18,넓은별,1017,0,66,33,1,0.27,0.6,1
1018,Stage19,넓은별,1018,0,66,33,1,0.28,0.6,1
1019,Stage21,넓은별,1019,0,66,33,1,0.44,0.6,1
1020,Stage22,넓은별,1020,0,66,33,1,0.44,0.6,1
1021,Stage23,넓은별,1021,0,66,33,1,0.47,0.6,1
1022,Stage24,넓은별,1022,0,66,33,1,0.47,0.6,1
1023,Stage25,넓은별,1023,0,66,33,1,0.49,0.6,1
1024,Stage26,넓은별,1024,0,66,33,1,0.49,0.6,1
1025,Stage27,넓은별,1025,0,66,33,1,0.49,0.6,1
1026,Stage28,넓은별,1026,0,66,33,1,0.51,0.6,1
1027,Stage29,넓은별,1027,0,66,33,1,0.51,0.6,1
1028,Stage31,넓은별,1028,0,66,33,1,0.75,0.6,1
1029,Stage32,넓은별,1029,0,66,33,1,0.79,0.6,1
1030,Stage33,넓은별,1030,0,66,33,1,0.79,0.6,1
1031,Stage34,넓은별,1031,0,66,33,1,0.83,0.6,1
1032,Stage35,넓은별,1032,0,66,33,1,0.83,0.6,1
1033,Stage36,넓은별,1033,0,66,33,1,0.87,0.6,1
1034,Stage37,넓은별,1034,0,66,33,1,0.87,0.6,1
1035,Stage38,넓은별,1035,0,66,33,1,0.92,0.6,1
1036,Stage39,넓은별,1036,0,66,33,1,0.92,0.6,1
1037,Stage41,넓은별,1037,0,66,33,1,1.26,0.6,1
1038,Stage42,넓은별,1038,0,66,33,1,1.33,0.6,1
1039,Stage43,넓은별,1039,0,66,33,1,1.33,0.6,1
1040,Stage44,넓은별,1040,0,66,33,1,1.39,0.6,1
1041,Stage45,넓은별,1041,0,66,33,1,1.46,0.6,1
1042,Stage46,넓은별,1042,0,66,33,1,1.46,0.6,1
1043,Stage47,넓은별,1043,0,66,33,1,1.54,0.6,1
1044,Stage48,넓은별,1044,0,66,33,1,1.54,0.6,1
1045,Stage49,넓은별,1045,0,66,33,1,1.61,0.6,1
1046,Stage51,낙뢰의별,1046,0,65.33,32.67,2,2.14,0.84,1
1047,Stage52,낙뢰의별,1047,0,65.33,32.67,2,2.23,0.84,1
1048,Stage53,낙뢰의별,1048,0,65.33,32.67,2,2.34,0.84,1
1049,Stage54,낙뢰의별,1049,0,65.33,32.67,2,2.34,0.84,1
1050,Stage55,낙뢰의별,1050,0,65.33,32.67,2,2.48,0.84,1
1051,Stage56,낙뢰의별,1051,0,65.33,32.67,2,2.59,0.84,1
1052,Stage57,낙뢰의별,1052,0,65.33,32.67,2,2.59,0.84,1
1053,Stage58,낙뢰의별,1053,0,65.33,32.67,2,2.72,0.84,1
1054,Stage59,낙뢰의별,1054,0,65.33,32.67,2,2.85,0.84,1
1055,Stage61,낙뢰의별,1055,0,65.33,32.67,2,3.15,0.84,1
1056,Stage62,낙뢰의별,1056,0,65.33,32.67,2,3.86,0.84,1
1057,Stage63,낙뢰의별,1057,0,65.33,32.67,2,4.05,0.84,1
1058,Stage64,낙뢰의별,1058,0,65.33,32.67,2,4.05,0.84,1
1059,Stage65,낙뢰의별,1059,0,65.33,32.67,2,4.26,0.84,1
1060,Stage66,낙뢰의별,1060,0,65.33,32.67,2,4.46,0.84,1
1061,Stage67,낙뢰의별,1061,0,65.33,32.67,2,4.46,0.84,1
1062,Stage68,낙뢰의별,1062,0,65.33,32.67,2,4.69,0.84,1
1063,Stage69,낙뢰의별,1063,0,65.33,32.67,2,4.93,0.84,1
1064,Stage71,낙뢰의별,1064,0,65.33,32.67,2,5.70,0.84,1
1065,Stage72,낙뢰의별,1065,0,65.33,32.67,2,6.53,0.84,1
1066,Stage73,낙뢰의별,1066,0,65.33,32.67,2,6.84,0.84,1
1067,Stage74,낙뢰의별,1067,0,65.33,32.67,2,7.18,0.84,1
1068,Stage75,낙뢰의별,1068,0,65.33,32.67,2,7.58,0.84,1
1069,Stage76,낙뢰의별,1069,0,65.33,32.67,2,7.95,0.84,1
1070,Stage77,낙뢰의별,1070,0,65.33,32.67,2,7.95,0.84,1
1071,Stage78,낙뢰의별,1071,0,65.33,32.67,2,8.33,0.84,1
1072,Stage79,낙뢰의별,1072,0,65.33,32.67,2,8.78,0.84,1
1073,Stage81,낙뢰의별,1073,0,65.33,32.67,2,10.13,0.84,1
1074,Stage82,낙뢰의별,1074,0,65.33,32.67,2,11.93,0.84,1
1075,Stage83,낙뢰의별,1075,0,65.33,32.67,2,12.53,0.84,1
1076,Stage84,낙뢰의별,1076,0,65.33,32.67,2,13.20,0.84,1
1077,Stage85,낙뢰의별,1077,0,65.33,32.67,2,13.20,0.84,1
1078,Stage86,낙뢰의별,1078,0,65.33,32.67,2,13.80,0.84,1
1079,Stage87,낙뢰의별,1079,0,65.33,32.67,2,14.55,0.84,1
1080,Stage88,낙뢰의별,1080,0,65.33,32.67,2,15.23,0.84,1
1081,Stage89,낙뢰의별,1081,0,65.33,32.67,2,15.98,0.84,1
1082,Stage91,낙뢰의별,1082,0,65.33,32.67,2,18.53,0.84,1
1083,Stage92,낙뢰의별,1083,0,65.33,32.67,2,21.60,0.84,1
1084,Stage93,낙뢰의별,1084,0,65.33,32.67,2,22.73,0.84,1
1085,Stage94,낙뢰의별,1085,0,65.33,32.67,2,23.85,0.84,1
1086,Stage95,낙뢰의별,1086,0,65.33,32.67,2,25.05,0.84,1
1087,Stage96,낙뢰의별,1087,0,65.33,32.67,2,25.05,0.84,1
1088,Stage97,낙뢰의별,1088,0,65.33,32.67,2,26.25,0.84,1
1089,Stage98,낙뢰의별,1089,0,65.33,32.67,2,27.60,0.84,1
1090,Stage99,낙뢰의별,1090,0,65.33,32.67,2,28.95,0.84,1
1091,Stage101,초록가스 별,1091,0,64.67,32.33,3,35.25,1.2,1
1092,Stage102,초록가스 별,1092,0,64.67,32.33,3,40.65,1.2,1
1093,Stage103,초록가스 별,1093,0,64.67,32.33,3,42.75,1.2,1
1094,Stage104,초록가스 별,1094,0,64.67,32.33,3,44.85,1.2,1
1095,Stage105,초록가스 별,1095,0,64.67,32.33,3,47.10,1.2,1
1096,Stage106,초록가스 별,1096,0,64.67,32.33,3,49.43,1.2,1
1097,Stage107,초록가스 별,1097,0,64.67,32.33,3,51.90,1.2,1
1098,Stage108,초록가스 별,1098,0,64.67,32.33,3,54.53,1.2,1
1099,Stage109,초록가스 별,1099,0,64.67,32.33,3,57.23,1.2,1
1100,Stage111,초록가스 별,1100,0,64.67,32.33,3,66.30,1.2,1
1101,Stage112,초록가스 별,1101,0,64.67,32.33,3,69.60,1.2,1
1102,Stage113,초록가스 별,1102,0,64.67,32.33,3,79.73,1.2,1
1103,Stage114,초록가스 별,1103,0,64.67,32.33,3,83.70,1.2,1
1104,Stage115,초록가스 별,1104,0,64.67,32.33,3,87.83,1.2,1
1105,Stage116,초록가스 별,1105,0,64.67,32.33,3,92.25,1.2,1
1106,Stage117,초록가스 별,1106,0,64.67,32.33,3,96.90,1.2,1
1107,Stage118,초록가스 별,1107,0,64.67,32.33,3,101.70,1.2,1
1108,Stage119,초록가스 별,1108,0,64.67,32.33,3,106.80,1.2,1
1109,Stage121,초록가스 별,1109,0,64.67,32.33,3,129.83,1.2,1
1110,Stage122,초록가스 별,1110,0,64.67,32.33,3,136.35,1.2,1
1111,Stage123,초록가스 별,1111,0,64.67,32.33,3,155.10,1.2,1
1112,Stage124,초록가스 별,1112,0,64.67,32.33,3,162.83,1.2,1
1113,Stage125,초록가스 별,1113,0,64.67,32.33,3,170.93,1.2,1
1114,Stage126,초록가스 별,1114,0,64.67,32.33,3,179.48,1.2,1
1115,Stage127,초록가스 별,1115,0,64.67,32.33,3,188.48,1.2,1
1116,Stage128,초록가스 별,1116,0,64.67,32.33,3,197.93,1.2,1
1117,Stage129,초록가스 별,1117,0,64.67,32.33,3,218.18,1.2,1
1118,Stage131,초록가스 별,1118,0,64.67,32.33,3,265.20,1.2,1
1119,Stage132,초록가스 별,1119,0,64.67,32.33,3,278.48,1.2,1
1120,Stage133,초록가스 별,1120,0,64.67,32.33,3,314.85,1.2,1
1121,Stage134,초록가스 별,1121,0,64.67,32.33,3,330.60,1.2,1
1122,Stage135,초록가스 별,1122,0,64.67,32.33,3,347.18,1.2,1
1123,Stage136,초록가스 별,1123,0,64.67,32.33,3,364.50,1.2,1
1124,Stage137,초록가스 별,1124,0,64.67,32.33,3,382.73,1.2,1
1125,Stage138,초록가스 별,1125,0,64.67,32.33,3,401.85,1.2,1
1126,Stage139,초록가스 별,1126,0,64.67,32.33,3,421.95,1.2,1
1127,Stage141,초록가스 별,1127,0,64.67,32.33,3,538.58,1.2,1
1128,Stage142,초록가스 별,1128,0,64.67,32.33,3,565.50,1.2,1
1129,Stage143,초록가스 별,1129,0,64.67,32.33,3,636.15,1.2,1
1130,Stage144,초록가스 별,1130,0,64.67,32.33,3,667.95,1.2,1
1131,Stage145,초록가스 별,1131,0,64.67,32.33,3,701.40,1.2,1
1132,Stage146,초록가스 별,1132,0,64.67,32.33,3,736.43,1.2,1
1133,Stage147,초록가스 별,1133,0,64.67,32.33,3,773.25,1.2,1
1134,Stage148,초록가스 별,1134,0,64.67,32.33,3,852.53,1.2,1
1135,Stage149,초록가스 별,1135,0,64.67,32.33,3,895.13,1.2,1
1136,Stage151,얼어붙은별,1136,0,64,32,4,1.09A,1.68,1
1137,Stage152,얼어붙은별,1137,0,64,32,4,1.14A,1.68,1
1138,Stage153,얼어붙은별,1138,0,64,32,4,1.34A,1.68,1
1139,Stage154,얼어붙은별,1139,0,64,32,4,1.41A,1.68,1
1140,Stage155,얼어붙은별,1140,0,64,32,4,1.48A,1.68,1
1141,Stage156,얼어붙은별,1141,0,64,32,4,1.56A,1.68,1
1142,Stage157,얼어붙은별,1142,0,64,32,4,1.71A,1.68,1
1143,Stage158,얼어붙은별,1143,0,64,32,4,1.80A,1.68,1
1144,Stage159,얼어붙은별,1144,0,64,32,4,1.89A,1.68,1
1145,Stage161,얼어붙은별,1145,0,64,32,4,2.42A,1.68,1
1146,Stage162,얼어붙은별,1146,0,64,32,4,2.53A,1.68,1
1147,Stage163,얼어붙은별,1147,0,64,32,4,2.66A,1.68,1
1148,Stage164,얼어붙은별,1148,0,64,32,4,2.96A,1.68,1
1149,Stage165,얼어붙은별,1149,0,64,32,4,3.26A,1.68,1
1150,Stage166,얼어붙은별,1150,0,64,32,4,3.43A,1.68,1
1151,Stage167,얼어붙은별,1151,0,64,32,4,3.60A,1.68,1
1152,Stage168,얼어붙은별,1152,0,64,32,4,3.79A,1.68,1
1153,Stage169,얼어붙은별,1153,0,64,32,4,3.98A,1.68,1
1154,Stage171,얼어붙은별,1154,0,64,32,4,5.08A,1.68,1
1155,Stage172,얼어붙은별,1155,0,64,32,4,5.33A,1.68,1
1156,Stage173,얼어붙은별,1156,0,64,32,4,5.87A,1.68,1
1157,Stage174,얼어붙은별,1157,0,64,32,4,6.53A,1.68,1
1158,Stage175,얼어붙은별,1158,0,64,32,4,6.86A,1.68,1
1159,Stage176,얼어붙은별,1159,0,64,32,4,7.20A,1.68,1
1160,Stage177,얼어붙은별,1160,0,64,32,4,7.95A,1.68,1
1161,Stage178,얼어붙은별,1161,0,64,32,4,8.33A,1.68,1
1162,Stage179,얼어붙은별,1162,0,64,32,4,8.78A,1.68,1
1163,Stage181,얼어붙은별,1163,0,64,32,4,11.18A,1.68,1
1164,Stage182,얼어붙은별,1164,0,64,32,4,12.30A,1.68,1
1165,Stage183,얼어붙은별,1165,0,64,32,4,12.98A,1.68,1
1166,Stage184,얼어붙은별,1166,0,64,32,4,14.32A,1.68,1
1167,Stage185,얼어붙은별,1167,0,64,32,4,15.82A,1.68,1
1168,Stage186,얼어붙은별,1168,0,64,32,4,16.58A,1.68,1
1169,Stage187,얼어붙은별,1169,0,64,32,4,17.40A,1.68,1
1170,Stage188,얼어붙은별,1170,0,64,32,4,19.20A,1.68,1
1171,Stage189,얼어붙은별,1171,0,64,32,4,20.18A,1.68,1
1172,Stage191,얼어붙은별,1172,0,64,32,4,27.00A,1.68,1
1173,Stage192,얼어붙은별,1173,0,64,32,4,28.43A,1.68,1
1174,Stage193,얼어붙은별,1174,0,64,32,4,29.78A,1.68,1
1175,Stage194,얼어붙은별,1175,0,64,32,4,34.58A,1.68,1
1176,Stage195,얼어붙은별,1176,0,64,32,4,36.98A,1.68,1
1177,Stage196,얼어붙은별,1177,0,64,32,4,39.60A,1.68,1
1178,Stage197,얼어붙은별,1178,0,64,32,4,45.30A,1.68,1
1179,Stage198,얼어붙은별,1179,0,64,32,4,48.53A,1.68,1
1180,Stage199,얼어붙은별,1180,0,64,32,4,51.90A,1.68,1
1181,Stage201,분출하는별,1181,0,63.33,31.67,5,77.85A,2.4,1
1182,Stage202,분출하는별,1182,0,63.33,31.67,5,83.33A,2.4,1
1183,Stage203,분출하는별,1183,0,63.33,31.67,5,89.18A,2.4,1
1184,Stage204,분출하는별,1184,0,63.33,31.67,5,107.18A,2.4,1
1185,Stage205,분출하는별,1185,0,63.33,31.67,5,114.68A,2.4,1
1186,Stage206,분출하는별,1186,0,63.33,31.67,5,122.70A,2.4,1
1187,Stage207,분출하는별,1187,0,63.33,31.67,5,140.55A,2.4,1
1188,Stage208,분출하는별,1188,0,63.33,31.67,5,150.38A,2.4,1
1189,Stage209,분출하는별,1189,0,63.33,31.67,5,172.13A,2.4,1
1190,Stage211,분출하는별,1190,0,63.33,31.67,5,241.42A,2.4,1
1191,Stage212,분출하는별,1191,0,63.33,31.67,5,276.45A,2.4,1
1192,Stage213,분출하는별,1192,0,63.33,31.67,5,295.80A,2.4,1
1193,Stage214,분출하는별,1193,0,63.33,31.67,5,316.50A,2.4,1
1194,Stage215,분출하는별,1194,0,63.33,31.67,5,379.65A,2.4,1
1195,Stage216,분출하는별,1195,0,63.33,31.67,5,406.20A,2.4,1
1196,Stage217,분출하는별,1196,0,63.33,31.67,5,465.08A,2.4,1
1197,Stage218,분출하는별,1197,0,63.33,31.67,5,497.55A,2.4,1
1198,Stage219,분출하는별,1198,0,63.33,31.67,5,569.70A,2.4,1
1199,Stage221,분출하는별,1199,0,63.33,31.67,5,798.98A,2.4,1
1200,Stage222,분출하는별,1200,0,63.33,31.67,5,914.78A,2.4,1
1201,Stage223,분출하는별,1201,0,63.33,31.67,5,978.82A,2.4,1
1202,Stage224,분출하는별,1202,0,63.33,31.67,5,1.12B,2.4,1
1203,Stage225,분출하는별,1203,0,63.33,31.67,5,1.25B,2.4,1
1204,Stage226,분출하는별,1204,0,63.33,31.67,5,1.44B,2.4,1
1205,Stage227,분출하는별,1205,0,63.33,31.67,5,1.54B,2.4,1
1206,Stage228,분출하는별,1206,0,63.33,31.67,5,1.76B,2.4,1
1207,Stage229,분출하는별,1207,0,63.33,31.67,5,1.88B,2.4,1
1208,Stage231,분출하는별,1208,0,63.33,31.67,5,2.83B,2.4,1
1209,Stage232,분출하는별,1209,0,63.33,31.67,5,3.23B,2.4,1
1210,Stage233,분출하는별,1210,0,63.33,31.67,5,3.45B,2.4,1
1211,Stage234,분출하는별,1211,0,63.33,31.67,5,3.96B,2.4,1
1212,Stage235,분출하는별,1212,0,63.33,31.67,5,4.43B,2.4,1
1213,Stage236,분출하는별,1213,0,63.33,31.67,5,5.06B,2.4,1
1214,Stage237,분출하는별,1214,0,63.33,31.67,5,5.42B,2.4,1
1215,Stage238,분출하는별,1215,0,63.33,31.67,5,6.21B,2.4,1
1216,Stage239,분출하는별,1216,0,63.33,31.67,5,6.64B,2.4,1
1217,Stage241,분출하는별,1217,0,63.33,31.67,5,9.98B,2.4,1
1218,Stage242,분출하는별,1218,0,63.33,31.67,5,11.40B,2.4,1
1219,Stage243,분출하는별,1219,0,63.33,31.67,5,12.23B,2.4,1
1220,Stage244,분출하는별,1220,0,63.33,31.67,5,13.95B,2.4,1
1221,Stage245,분출하는별,1221,0,63.33,31.67,5,15.60B,2.4,1
1222,Stage246,분출하는별,1222,0,63.33,31.67,5,17.85B,2.4,1
1223,Stage247,분출하는별,1223,0,63.33,31.67,5,19.05B,2.4,1
1224,Stage248,분출하는별,1224,0,63.33,31.67,5,21.83B,2.4,1
1225,Stage249,분출하는별,1225,0,63.33,31.67,5,23.40B,2.4,1
1226,Stage251,검은별,1226,0,62.67,31.33,6,37.50B,3.36,1
1227,Stage252,검은별,1227,0,62.67,31.33,6,40.13B,3.36,1
1228,Stage253,검은별,1228,0,62.67,31.33,6,45.98B,3.36,1
1229,Stage254,검은별,1229,0,62.67,31.33,6,49.13B,3.36,1
1230,Stage255,검은별,1230,0,62.67,31.33,6,58.58B,3.36,1
1231,Stage256,검은별,1231,0,62.67,31.33,6,62.63B,3.36,1
1232,Stage257,검은별,1232,0,62.67,31.33,6,71.70B,3.36,1
1233,Stage258,검은별,1233,0,62.67,31.33,6,82.13B,3.36,1
1234,Stage259,검은별,1234,0,62.67,31.33,6,87.83B,3.36,1
1235,Stage261,검은별,1235,0,62.67,31.33,6,141.08B,3.36,1
1236,Stage262,검은별,1236,0,62.67,31.33,6,150.98B,3.36,1
1237,Stage263,검은별,1237,0,62.67,31.33,6,172.88B,3.36,1
1238,Stage264,검은별,1238,0,62.67,31.33,6,197.93B,3.36,1
1239,Stage265,검은별,1239,0,62.67,31.33,6,211.73B,3.36,1
1240,Stage266,검은별,1240,0,62.67,31.33,6,251.70B,3.36,1
1241,Stage267,검은별,1241,0,62.67,31.33,6,288.23B,3.36,1
1242,Stage268,검은별,1242,0,62.67,31.33,6,308.40B,3.36,1
1243,Stage269,검은별,1243,0,62.67,31.33,6,353.10B,3.36,1
1244,Stage271,검은별,1244,0,62.67,31.33,6,529.88B,3.36,1
1245,Stage272,검은별,1245,0,62.67,31.33,6,606.68B,3.36,1
1246,Stage273,검은별,1246,0,62.67,31.33,6,694.58B,3.36,1
1247,Stage274,검은별,1247,0,62.67,31.33,6,743.18B,3.36,1
1248,Stage275,검은별,1248,0,62.67,31.33,6,850.88B,3.36,1
1249,Stage276,검은별,1249,0,62.67,31.33,6,944.18B,3.36,1
1250,Stage277,검은별,1250,0,62.67,31.33,6,1.08C,3.36,1
1251,Stage278,검은별,1251,0,62.67,31.33,6,1.24C,3.36,1
1252,Stage279,검은별,1252,0,62.67,31.33,6,1.32C,3.36,1
1253,Stage281,검은별,1253,0,62.67,31.33,6,2.12C,3.36,1
1254,Stage282,검은별,1254,0,62.67,31.33,6,2.44C,3.36,1
1255,Stage283,검은별,1255,0,62.67,31.33,6,2.61C,3.36,1
1256,Stage284,검은별,1256,0,62.67,31.33,6,2.98C,3.36,1
1257,Stage285,검은별,1257,0,62.67,31.33,6,3.41C,3.36,1
1258,Stage286,검은별,1258,0,62.67,31.33,6,3.79C,3.36,1
1259,Stage287,검은별,1259,0,62.67,31.33,6,4.33C,3.36,1
1260,Stage288,검은별,1260,0,62.67,31.33,6,4.97C,3.36,1
1261,Stage289,검은별,1261,0,62.67,31.33,6,5.31C,3.36,1
1262,Stage291,검은별,1262,0,62.67,31.33,6,8.55C,3.36,1
1263,Stage292,검은별,1263,0,62.67,31.33,6,9.75C,3.36,1
1264,Stage293,검은별,1264,0,62.67,31.33,6,11.18C,3.36,1
1265,Stage294,검은별,1265,0,62.67,31.33,6,11.93C,3.36,1
1266,Stage295,검은별,1266,0,62.67,31.33,6,13.65C,3.36,1
1267,Stage296,검은별,1267,0,62.67,31.33,6,16.20C,3.36,1
1268,Stage297,검은별,1268,0,62.67,31.33,6,17.33C,3.36,1
1269,Stage298,검은별,1269,0,62.67,31.33,6,19.88C,3.36,1
1270,Stage299,검은별,1270,0,62.67,31.33,6,22.73C,3.36,1
1271,Stage301,질풍의 별,1271,0,62,31,7,36.53C,4.74,1
1272,Stage302,질풍의 별,1272,0,62,31,7,41.78C,4.74,1
1273,Stage303,질풍의 별,1273,0,62,31,7,47.85C,4.74,1
1274,Stage304,질풍의 별,1274,0,62,31,7,51.23C,4.74,1
1275,Stage305,질풍의 별,1275,0,62,31,7,58.65C,4.74,1
1276,Stage306,질풍의 별,1276,0,62,31,7,69.38C,4.74,1
1277,Stage307,질풍의 별,1277,0,62,31,7,79.43C,4.74,1
1278,Stage308,질풍의 별,1278,0,62,31,7,84.98C,4.74,1
1279,Stage309,질풍의 별,1279,0,62,31,7,97.28C,4.74,1
1280,Stage311,질풍의 별,1280,0,62,31,7,167.10C,4.74,1
1281,Stage312,질풍의 별,1281,0,62,31,7,178.80C,4.74,1
1282,Stage313,질풍의 별,1282,0,62,31,7,204.75C,4.74,1
1283,Stage314,질풍의 별,1283,0,62,31,7,234.38C,4.74,1
1284,Stage315,질풍의 별,1284,0,62,31,7,250.80C,4.74,1
1285,Stage316,질풍의 별,1285,0,62,31,7,287.18C,4.74,1
1286,Stage317,질풍의 별,1286,0,62,31,7,339.38C,4.74,1
1287,Stage318,질풍의 별,1287,0,62,31,7,388.50C,4.74,1
1288,Stage319,질풍의 별,1288,0,62,31,7,415.73C,4.74,1
1289,Stage321,질풍의 별,1289,0,62,31,7,714.30C,4.74,1
1290,Stage322,질풍의 별,1290,0,62,31,7,764.33C,4.74,1
1291,Stage323,질풍의 별,1291,0,62,31,7,875.03C,4.74,1
1292,Stage324,질풍의 별,1292,0,62,31,7,1.00D,4.74,1
1293,Stage325,질풍의 별,1293,0,62,31,7,1.15D,4.74,1
1294,Stage326,질풍의 별,1294,0,62,31,7,1.23D,4.74,1
1295,Stage327,질풍의 별,1295,0,62,31,7,1.45D,4.74,1
1296,Stage328,질풍의 별,1296,0,62,31,7,1.66D,4.74,1
1297,Stage329,질풍의 별,1297,0,62,31,7,1.89D,4.74,1
1298,Stage334,질풍의 별,1298,0,62,31,7,3.06D,4.74,1
1299,Stage335,질풍의 별,1299,0,62,31,7,3.49D,4.74,1
1300,Stage336,질풍의 별,1300,0,62,31,7,3.99D,4.74,1
1301,Stage337,질풍의 별,1301,0,62,31,7,4.58D,4.74,1
1302,Stage338,질풍의 별,1302,0,62,31,7,5.23D,4.74,1
1303,Stage339,질풍의 별,1303,0,62,31,7,5.61D,4.74,1
1304,Stage340,질풍의 별,1304,0,62,31,7,6.62D,4.74,1
1305,Stage341,질풍의 별,1305,0,62,31,7,7.58D,4.74,1
1306,Stage342,질풍의 별,1306,0,62,31,7,8.70D,4.74,1
1307,Stage343,질풍의 별,1307,0,62,31,7,14.93D,4.74,1
1308,Stage344,질풍의 별,1308,0,62,31,7,15.90D,4.74,1
1309,Stage345,질풍의 별,1309,0,62,31,7,18.23D,4.74,1
1310,Stage346,질풍의 별,1310,0,62,31,7,20.93D,4.74,1
1311,Stage347,질풍의 별,1311,0,62,31,7,23.93D,4.74,1
1312,Stage348,질풍의 별,1312,0,62,31,7,27.38D,4.74,1
1313,Stage349,질풍의 별,1313,0,62,31,7,32.25D,4.74,1
1314,Stage350,질풍의 별,1314,0,62,31,7,36.98D,4.74,1
1315,Stage351,질풍의 별,1315,0,62,31,7,42.30D,4.74,1
1316,Stage352,안개구름 별,1316,0,61.33,30.67,8,72.68D,6.66,1
1317,Stage353,안개구름 별,1317,0,61.33,30.67,8,83.25D,6.66,1
1318,Stage354,안개구름 별,1318,0,61.33,30.67,8,89.10D,6.66,1
1319,Stage355,안개구름 별,1319,0,61.33,30.67,8,102.00D,6.66,1
1320,Stage356,안개구름 별,1320,0,61.33,30.67,8,116.70D,6.66,1
1321,Stage357,안개구름 별,1321,0,61.33,30.67,8,133.65D,6.66,1
1322,Stage358,안개구름 별,1322,0,61.33,30.67,8,157.35D,6.66,1
1323,Stage359,안개구름 별,1323,0,61.33,30.67,8,180.15D,6.66,1
1324,Stage360,안개구름 별,1324,0,61.33,30.67,8,206.32D,6.66,1
1325,Stage361,안개구름 별,1325,0,61.33,30.67,8,354.45D,6.66,1
1326,Stage362,안개구름 별,1326,0,61.33,30.67,8,405.83D,6.66,1
1327,Stage363,안개구름 별,1327,0,61.33,30.67,8,464.63D,6.66,1
1328,Stage364,안개구름 별,1328,0,61.33,30.67,8,531.98D,6.66,1
1329,Stage365,안개구름 별,1329,0,61.33,30.67,8,609.00D,6.66,1
1330,Stage366,안개구름 별,1330,0,61.33,30.67,8,651.68D,6.66,1
1331,Stage367,안개구름 별,1331,0,61.33,30.67,8,746.10D,6.66,1
1332,Stage368,안개구름 별,1332,0,61.33,30.67,8,877.95D,6.66,1
1333,Stage369,안개구름 별,1333,0,61.33,30.67,8,1.01E,6.66,1
1334,Stage371,안개구름 별,1334,0,61.33,30.67,8,1.73E,6.66,1
1335,Stage372,안개구름 별,1335,0,61.33,30.67,8,1.97E,6.66,1
1336,Stage373,안개구름 별,1336,0,61.33,30.67,8,2.27E,6.66,1
1337,Stage374,안개구름 별,1337,0,61.33,30.67,8,2.59E,6.66,1
1338,Stage375,안개구름 별,1338,0,61.33,30.67,8,2.96E,6.66,1
1339,Stage376,안개구름 별,1339,0,61.33,30.67,8,3.39E,6.66,1
1340,Stage377,안개구름 별,1340,0,61.33,30.67,8,3.88E,6.66,1
1341,Stage378,안개구름 별,1341,0,61.33,30.67,8,4.58E,6.66,1
1342,Stage379,안개구름 별,1342,0,61.33,30.67,8,5.23E,6.66,1
1343,Stage381,안개구름 별,1343,0,61.33,30.67,8,9.00E,6.66,1
1344,Stage382,안개구름 별,1344,0,61.33,30.67,8,10.28E,6.66,1
1345,Stage383,안개구름 별,1345,0,61.33,30.67,8,11.78E,6.66,1
1346,Stage384,안개구름 별,1346,0,61.33,30.67,8,13.50E,6.66,1
1347,Stage385,안개구름 별,1347,0,61.33,30.67,8,15.45E,6.66,1
1348,Stage386,안개구름 별,1348,0,61.33,30.67,8,17.70E,6.66,1
1349,Stage387,안개구름 별,1349,0,61.33,30.67,8,20.25E,6.66,1
1350,Stage388,안개구름 별,1350,0,61.33,30.67,8,23.78E,6.66,1
1351,Stage389,안개구름 별,1351,0,61.33,30.67,8,27.23E,6.66,1
1352,Stage391,안개구름 별,1352,0,61.33,30.67,8,46.88E,6.66,1
1353,Stage392,안개구름 별,1353,0,61.33,30.67,8,53.63E,6.66,1
1354,Stage393,안개구름 별,1354,0,61.33,30.67,8,61.42E,6.66,1
1355,Stage394,안개구름 별,1355,0,61.33,30.67,8,70.28E,6.66,1
1356,Stage395,안개구름 별,1356,0,61.33,30.67,8,80.48E,6.66,1
1357,Stage396,안개구름 별,1357,0,61.33,30.67,8,92.18E,6.66,1
1358,Stage397,안개구름 별,1358,0,61.33,30.67,8,105.45E,6.66,1
1359,Stage398,안개구름 별,1359,0,61.33,30.67,8,123.90E,6.66,1
1360,Stage399,안개구름 별,1360,0,61.33,30.67,8,141.83E,6.66,1
1361,Stage401,시간의 별,1361,0,60.67,30.33,9,260.70E,9.36,1
1362,Stage402,시간의 별,1362,0,60.67,30.33,9,298.50E,9.36,1
1363,Stage403,시간의 별,1363,0,60.67,30.33,9,341.78E,9.36,1
1364,Stage404,시간의 별,1364,0,60.67,30.33,9,391.28E,9.36,1
1365,Stage405,시간의 별,1365,0,60.67,30.33,9,447.98E,9.36,1
1366,Stage406,시간의 별,1366,0,60.67,30.33,9,512.93E,9.36,1
1367,Stage407,시간의 별,1367,0,60.67,30.33,9,587.18E,9.36,1
1368,Stage408,시간의 별,1368,0,60.67,30.33,9,689.10E,9.36,1
1369,Stage409,시간의 별,1369,0,60.67,30.33,9,844.20E,9.36,1
1370,Stage411,시간의 별,1370,0,60.67,30.33,9,1.45F,9.36,1
1371,Stage412,시간의 별,1371,0,60.67,30.33,9,1.66F,9.36,1
1372,Stage413,시간의 별,1372,0,60.67,30.33,9,1.89F,9.36,1
1373,Stage414,시간의 별,1373,0,60.67,30.33,9,2.18F,9.36,1
1374,Stage415,시간의 별,1374,0,60.67,30.33,9,2.49F,9.36,1
1375,Stage416,시간의 별,1375,0,60.67,30.33,9,2.85F,9.36,1
1376,Stage417,시간의 별,1376,0,60.67,30.33,9,3.49F,9.36,1
1377,Stage418,시간의 별,1377,0,60.67,30.33,9,3.99F,9.36,1
1378,Stage419,시간의 별,1378,0,60.67,30.33,9,4.69F,9.36,1
1379,Stage421,시간의 별,1379,0,60.67,30.33,9,8.02F,9.36,1
1380,Stage422,시간의 별,1380,0,60.67,30.33,9,9.23F,9.36,1
1381,Stage423,시간의 별,1381,0,60.67,30.33,9,10.58F,9.36,1
1382,Stage424,시간의 별,1382,0,60.67,30.33,9,12.08F,9.36,1
1383,Stage425,시간의 별,1383,0,60.67,30.33,9,13.88F,9.36,1
1384,Stage426,시간의 별,1384,0,60.67,30.33,9,16.95F,9.36,1
1385,Stage427,시간의 별,1385,0,60.67,30.33,9,19.43F,9.36,1
1386,Stage428,시간의 별,1386,0,60.67,30.33,9,22.28F,9.36,1
1387,Stage429,시간의 별,1387,0,60.67,30.33,9,26.10F,9.36,1
1388,Stage431,시간의 별,1388,0,60.67,30.33,9,44.78F,9.36,1
1389,Stage432,시간의 별,1389,0,60.67,30.33,9,54.90F,9.36,1
1390,Stage433,시간의 별,1390,0,60.67,30.33,9,62.85F,9.36,1
1391,Stage434,시간의 별,1391,0,60.67,30.33,9,72.00F,9.36,1
1392,Stage435,시간의 별,1392,0,60.67,30.33,9,82.35F,9.36,1
1393,Stage436,시간의 별,1393,0,60.67,30.33,9,94.28F,9.36,1
1394,Stage437,시간의 별,1394,0,60.67,30.33,9,108.00F,9.36,1
1395,Stage438,시간의 별,1395,0,60.67,30.33,9,123.60F,9.36,1
1396,Stage439,시간의 별,1396,0,60.67,30.33,9,154.95F,9.36,1
1397,Stage441,시간의 별,1397,0,60.67,30.33,9,266.25F,9.36,1
1398,Stage442,시간의 별,1398,0,60.67,30.33,9,326.18F,9.36,1
1399,Stage443,시간의 별,1399,0,60.67,30.33,9,373.50F,9.36,1
1400,Stage444,시간의 별,1400,0,60.67,30.33,9,427.58F,9.36,1
1401,Stage445,시간의 별,1401,0,60.67,30.33,9,489.52F,9.36,1
1402,Stage446,시간의 별,1402,0,60.67,30.33,9,560.48F,9.36,1
1403,Stage447,시간의 별,1403,0,60.67,30.33,9,686.63F,9.36,1
1404,Stage448,시간의 별,1404,0,60.67,30.33,9,786.08F,9.36,1
1405,Stage449,시간의 별,1405,0,60.67,30.33,9,920.40F,9.36,1
1406,Stage451,불안정한 별,1406,0,60,30,10,1.69G,13.2,1
1407,Stage452,불안정한 별,1407,0,60,30,10,1.93G,13.2,1
1408,Stage453,불안정한 별,1408,0,60,30,10,2.38G,13.2,1
1409,Stage454,불안정한 별,1409,0,60,30,10,2.72G,13.2,1
1410,Stage455,불안정한 별,1410,0,60,30,10,3.11G,13.2,1
1411,Stage456,불안정한 별,1411,0,60,30,10,3.56G,13.2,1
1412,Stage457,불안정한 별,1412,0,60,30,10,4.37G,13.2,1
1413,Stage458,불안정한 별,1413,0,60,30,10,4.99G,13.2,1
1414,Stage459,불안정한 별,1414,0,60,30,10,5.85G,13.2,1
1415,Stage461,불안정한 별,1415,0,60,30,10,10.72G,13.2,1
1416,Stage462,불안정한 별,1416,0,60,30,10,13.13G,13.2,1
1417,Stage463,불안정한 별,1417,0,60,30,10,15.08G,13.2,1
1418,Stage464,불안정한 별,1418,0,60,30,10,17.25G,13.2,1
1419,Stage465,불안정한 별,1419,0,60,30,10,19.73G,13.2,1
1420,Stage466,불안정한 별,1420,0,60,30,10,24.22G,13.2,1
1421,Stage467,불안정한 별,1421,0,60,30,10,27.68G,13.2,1
1422,Stage468,불안정한 별,1422,0,60,30,10,31.73G,13.2,1
1423,Stage469,불안정한 별,1423,0,60,30,10,37.13G,13.2,1
1424,Stage471,불안정한 별,1424,0,60,30,10,68.25G,13.2,1
1425,Stage472,불안정한 별,1425,0,60,30,10,78.15G,13.2,1
1426,Stage473,불안정한 별,1426,0,60,30,10,95.70G,13.2,1
1427,Stage474,불안정한 별,1427,0,60,30,10,109.58G,13.2,1
1428,Stage475,불안정한 별,1428,0,60,30,10,125.48G,13.2,1
1429,Stage476,불안정한 별,1429,0,60,30,10,143.62G,13.2,1
1430,Stage477,불안정한 별,1430,0,60,30,10,175.95G,13.2,1
1431,Stage478,불안정한 별,1431,0,60,30,10,201.45G,13.2,1
1432,Stage479,불안정한 별,1432,0,60,30,10,230.63G,13.2,1
1433,Stage481,불안정한 별,1433,0,60,30,10,433.05G,13.2,1
1434,Stage482,불안정한 별,1434,0,60,30,10,495.83G,13.2,1
1435,Stage483,불안정한 별,1435,0,60,30,10,607.43G,13.2,1
1436,Stage484,불안정한 별,1436,0,60,30,10,695.40G,13.2,1
1437,Stage485,불안정한 별,1437,0,60,30,10,796.20G,13.2,1
1438,Stage486,불안정한 별,1438,0,60,30,10,975.38G,13.2,1
1439,Stage487,불안정한 별,1439,0,60,30,10,1.12H,13.2,1
1440,Stage488,불안정한 별,1440,0,60,30,10,1.28H,13.2,1
1441,Stage489,불안정한 별,1441,0,60,30,10,1.46H,13.2,1
1442,Stage491,불안정한 별,1442,0,60,30,10,2.94H,13.2,1
1443,Stage492,불안정한 별,1443,0,60,30,10,3.36H,13.2,1
1444,Stage493,불안정한 별,1444,0,60,30,10,3.84H,13.2,1
1445,Stage494,불안정한 별,1445,0,60,30,10,4.73H,13.2,1
1446,Stage495,불안정한 별,1446,0,60,30,10,5.40H,13.2,1
1447,Stage496,불안정한 별,1447,0,60,30,10,6.19H,13.2,1
1448,Stage497,불안정한 별,1448,0,60,30,10,7.58H,13.2,1
1449,Stage498,불안정한 별,1449,0,60,30,10,8.70H,13.2,1
1450,Stage499,불안정한 별,1450,0,60,30,10,9.90H,13.2,1